[
  {
    "name": "greetings",
    "desc": "General greetings, casual conversation, polite acknowledgements and small talk.",
    "examples": [
      "hi",
      "hello",
      "good morning",
      "who are you",
      "thank you",
      "bye",
      "hey",
      "good afternoon",
      "good evening",
      "how are you",
      "howdy",
      "what's up",
      "hi there",
      "hello there",
      "greetings",
      "nice to meet you",
      "pleasure to meet you",
      "thanks",

      "thanks a lot",
      "thank you very much",
      "see you",
      "good night",
      "bye bye",
      "talk to you later",

      "hi kapil chits",
      "hello kapil chits",
      "hey kapil chits",
      "how are you doing",
      "what's going on",
      "how is it going",

      "hey there",
      "hiya",
      "thanks for your help",
      "thank you so much",
      "good day",
      "have a nice day"
    ]
  },
  {
    "name": "owner",
    "desc": "Questions about the founder, owner, promoter, creator or person behind Kapil Chits.",
    "examples": [
      "who is the founder of kapil chits",
      "who started kapil group",

      "who owns kapil chits",
      "who is the owner of kapil chits",
      "founder of kapil chits",
      "who is behind kapil chits",
      "kapil chits founder name",

      "who started kapil chits",
      "who runs kapil chits",
      "person behind kapil chits",
      "kapil chits ownership",
      "who established kapil chits",

      "owner details of kapil chits",
      "who created kapil chits",
      "who is the main person of kapil chits",
      "who leads kapil chits",
      "founder and owner of kapil chits",

      "who is the head of kapil chits",
      "who is the promoter of kapil chits",
      "kapil chits started by whom",
      "who is responsible for kapil chits",
      "who manages kapil chits"
    ]
  },
  {
    "name": "about_us",
    "desc": "General greetings, casual conversation, polite acknowledgements and small talk.",

    "examples": [
      "tell me about kapil chits",
      "what is kapil chits",

      "give me information about kapil chits",
      "who is kapil chits",
      "about kapil chits company",
      "company details of kapil chits",
      "what does kapil chits do",

      "kapil chits profile",
      "introduce kapil chits",
      "tell me company info",
      "information on kapil chits",
      "who runs kapil chits",

      "what kind of company is kapil chits",
      "overview of kapil chits",
      "kapil chits details please",
      "what services does kapil chits provide",
      "history of kapil chits",

      "all about kapil chits",
      "company description of kapil chits",
      "what is kapil chits about",
      "kapil chits info",
      "company profile of kapil chits"
    ]
  },
  {
    "name": "why_chitfunds",
    "desc": "Questions about why chit funds are useful, their benefits, advantages or reasons to join.",

    "examples": [
      "why should I join chit fund",
      "benefits of chit funds",

      "why join a chit fund",
      "what are the advantages of chit funds",
      "how do chit funds help me",
      "why chit fund is useful",
      "what is the benefit of chit fund",

      "why invest in chit fund",
      "how does chit fund help in saving",
      "what are the reasons to join chit funds",
      "why should I participate in chit funds",
      "why people prefer chit funds",

      "what is the purpose of chit fund",
      "why chit fund is good",
      "what benefits do chit funds provide",
      "how chit funds work for saving",
      "advantages of joining chit fund",

      "why are chit funds popular",
      "how do I benefit from chit funds",
      "why choose chit fund system",
      "why are chit funds trusted",
      "reasons to invest in chit funds"
    ]
  },
  {
    "name": "why_kapilchits",
    "desc": "Questions about why to choose Kapil Chits, its trustworthiness, reliability, or advantages over others.",

    "examples": [
      "why choose kapil chits",
      "why trust kapil chits",

      "why should I join kapil chits",
      "what makes kapil chits reliable",
      "why is kapil chits better than others",
      "reasons to choose kapil chits",
      "why invest in kapil chits",

      "why is kapil chits trustworthy",
      "what are the benefits of kapil chits",
      "why should I go with kapil chits",
      "why kapil chits is the best choice",
      "why pick kapil chits schemes",

      "why is kapil chits safe",
      "what makes kapil chits different",
      "why do people prefer kapil chits",
      "why join kapil chits schemes",
      "why kapil chits over other chit companies",

      "why kapil chits is reliable",
      "why should I choose your company",
      "why are kapil chits schemes popular",
      "why kapil chits is trusted",
      "why invest with kapil chits"
    ]
  },
  {
    "name": "plans_pricing",
    "desc": "Questions about available chit plans, pricing, plan options, investment levels and scheme details.",

    "examples": [
      "show me chit plans",
      "investment options",
      "pricing of plans",

      "what chit plans are available",
      "types of chit plans",
      "cost of chit plans",
      "chit plan details",
      "plans and pricing",

      "give me all chit plans",
      "show available investment plans",
      "how much do plans cost",
      "list of chit plans",
      "pricing for different plans",

      "investment plans details",
      "chit schemes and pricing",
      "what are the plan options",
      "chit plans for subscribers",
      "plans available for joining",

      "tell me about chit investment options",
      "show subscription plans",
      "chit plans with prices",
      "available chit schemes",
      "plans and cost details",

      "which chit plan is best",
      "compare chit plans",
      "plan types and pricing",
      "give plan options and prices",
      "chit plan investment details"
    ]
  },
  {
    "name": "how_chitfunds_work",
    "desc": "Questions asking how chit funds operate, their process, rules, auctions and working mechanism.",

    "examples": [
      "how chit fund works",
      "explain chit fund process",

      "how does chit fund function",
      "tell me how chit funds work",
      "chit fund working explained",
      "how is a chit fund run",
      "process of chit fund",

      "how does chit system work",
      "explain chit fund scheme",
      "how to participate in chit fund",
      "how does chit plan work",
      "how are chit funds managed",

      "what is the working of chit fund",
      "how do chit auctions work",
      "chit fund rules and process",
      "how money moves in chit fund",
      "how chit installments work",

      "how does a chit group function",
      "explain step by step chit fund",
      "how do subscribers pay",
      "how is winning chit decided",
      "chit fund process in detail",

      "how do chits help in saving",
      "how do chits generate returns",
      "chit fund explained simply",
      "working of chit fund for beginners",
      "how to join and benefit from chit fund"
    ]
  },
  {
    "name": "registration_process",
    "desc": "Questions about how to register, join, signup or become a member of Kapil Chits.",

    "examples": [
      "how to register",
      "joining process",

      "how do I join",
      "steps to register",
      "how can I sign up",
      "registration steps",
      "how to create an account",

      "how to become a member",
      "joining instructions",
      "how to enroll",
      "how to open a chit account",
      "process for registration",

      "tell me how to register",
      "guide me to join",
      "how to complete registration",
      "sign up process",
      "how do I apply",

      "how can I start membership",
      "account opening process",
      "how to register on app",
      "registration procedure",
      "how do I register for chits",

      "what is the joining process",
      "how to become a subscriber",
      "registration details",
      "steps to join chit fund",
      "how to fill registration form"
    ]
  },
  {
    "name": "services_info",
    "desc": "Questions asking about available services, digital services, app features or platform capabilities.",

    "examples": [
      "what services do you provide",
      "online services",
      "digital platform features",

      "tell me about your services",
      "what are the services offered",
      "list your services",
      "what all services can I use",
      "services available for customers",

      "what digital services are there",
      "online platform features",
      "what can I do on your app",
      "features of your online platform",
      "services available on app",

      "how does your service work",
      "what facilities do you provide",
      "all services provided",
      "tell me online services details",
      "what services can i access digitally",

      "can you explain your services",
      "what are the main offerings",
      "services and features available",
      "digital services details please",
      "online features of your platform",

      "services info",
      "what are the facilities",
      "what is included in your services",
      "explain all available services",
      "available features for users",

      "what products or services do you offer",
      "how to use your online services",
      "all services I can use",
      "what kind of services you provide",
      "service features on mobile app"
    ]
  },
  {
    "name": "customer_segments",
    "desc": "Questions about who can join, eligibility criteria, target audience or suitable customers.",

    "examples": [
      "who can join",
      "eligible customers",
      "target audience",

      "who is eligible to join",
      "who can become a member",
      "who can participate in chits",
      "eligibility criteria",
      "who all can join",

      "who is allowed to join",
      "what type of people can join",
      "who can take chit scheme",
      "who can register",

      "minimum eligibility for joining",
      "who can invest in chits",
      "who can apply",
      "who can open a chit account",
      "chit membership eligibility",

      "what kind of people join chits",
      "is everyone eligible",
      "who qualifies for chit scheme",
      "who can be a subscriber",
      "who can enroll",

      "can students join",
      "can salaried people join",
      "can business people join",
      "is there age limit to join",
      "can anyone join",

      "who are your customers",
      "who is your target audience",
      "what type of customer you serve",
      "who are eligible members",
      "type of customers you accept"
    ]
  },
  {
    "name": "contact_info",
    "desc": "Questions about customer care, branch details, office timings, addresses, website or app links.",

    "examples": [
      "contact details",
      "customer care number",
      "office address",
      "office timings",
      "holidays",
      "holiday details",
      "total branches",
      "give me the website of kapil chits",
      "app links",
      "android app link",
      "ios app link",
      "",

      "how can I contact kapil chits",
      "share your phone number",
      "what is your customer support number",
      "give me your contact info",
      "how do I reach customer care",

      "where is your office located",
      "tell me your head office address",
      "give me your office location",
      "share office address and timings",
      "office location please",

      "what are your working hours",
      "when is your office open",
      "office opening and closing time",
      "working days and timings",
      "office schedule please",

      "do you have any branches",
      "how many branches are there",
      "branch list please",
      "branch locations",
      "show me all branch addresses",

      "are you open on weekends",
      "are you open on holidays",
      "holiday list please",
      "holiday schedule",
      "tell me your holiday timings",

      "what is your official website",
      "share website link",
      "kapil chits online link",
      "show me your website",
      "website url please",

      "from where can I download the app",
      "send me app download links",
      "play store link please",
      "app store link please",
      "are there android and ios apps",

      "give android app link",
      "give ios app link",
      "mobile app link",
      "link to install app",
      "how to download your app",

      "contact info please",
      "provide support details",
      "customer service details",
      "can i get your address",
      "need branch details"
    ]
  },
  {
    "name": "faqs",
    "desc": "Common chit fund FAQs such as safety, dividend, commission, penalty, auction basics or general doubts.",

    "examples": [
      "what is dividend",
      "how safe is my money",
      "default penalty",
      "auction details",

      "what is dividend in chits",
      "is my money safe here",
      "what happens if i default",
      "explain auction process",

      "how much dividend will i get",
      "is chit fund safe",
      "what is the penalty for late payment",
      "how does auction work",

      "what are the charges",
      "what is the commission rate",
      "how is dividend calculated",
      "what is the security of funds",

      "is there any risk",
      "how safe is chit fund",
      "what if i miss a payment",
      "tell me penalty details",

      "auction rules please",
      "when is auction done",
      "who participates in auction",
      "how to bid in auction",

      "minimum amount for penalty",
      "what are the terms and conditions",
      "any hidden charges",
      "how are returns decided",

      "can you explain basic faq",
      "general information please",
      "how does chit system work",
      "common doubts about chit funds"
    ]
  },
  {
    "name": "company_info",
    "desc": "Questions about benefits of Kapil Chits schemes, reliability, safety or value offered to customers.",

    "examples": [
      "why should I choose kapil chits",
      "main benefit of your schemes",

      "why is kapil chits better",
      "what makes kapil chits special",
      "why your chit schemes are good",
      "what are the benefits of choosing your company",
      "why should I join your company",

      "what do you offer that others don’t",
      "why should I trust kapil chits",
      "tell me why your schemes are best",
      "why is your chit company better than others",
      "why are your schemes beneficial",

      "what advantages do your schemes have",
      "how does your company help customers",
      "benefits of your chit schemes",
      "tell me the benefits of kapil chits",
      "why choose your schemes",

      "why should I go with your company",
      "what value does your company provide",
      "what is special about your schemes",
      "why are kapil chits schemes trusted",
      "why do people join your chit company",

      "how reliable is kapil chits",
      "why are your schemes safe",
      "convince me to choose kapil chits",
      "tell me why your schemes are better",
      "why should I invest with you"
    ]
  },
  {
    "name": "transactions",
    "desc": "Questions about past payments, payment history, previous transactions or financial records.",

    "examples": [
      "show me previous transactions",
      "show me payment history",
      "show me payment details",
      "last payments",
      "show me transactions",
      "transaction history",
      "what are the payment records",
      "previous payments",

      "show my transaction history",
      "give me past payment details",
      "payment records please",
      "i want to see my past payments",
      "view my transactions",

      "show all my payments",
      "tell me my payment history",
      "payment history details",
      "past transactions list",
      "show me old transactions",

      "show recent transactions",
      "give me payment records",
      "list my transactions",
      "transactions details please",
      "my payment history",

      "where can i see my transactions",
      "how do i check my payments",
      "show transactions of my account",
      "what are my past transactions",
      "show me all my previous payments"
    ]
  },
  {
    "name": "subscriber_dues",
    "desc": "Questions asking for outstanding dues, pending payments, due amounts or unpaid balances.",

    "examples": [
      "what are my subscriber dues",
      "show me my due details",
      "pending payments",
      "dues details",
      "my outstanding dues",
      "due amounts",
      "subscriber payment dues",
      "i want to see my dues",
      "show me chit dues",
      "dues",
      "my dues",
      "chit dues",

      "how much do i have to pay",
      "what is my pending amount",
      "show pending dues",
      "tell me my outstanding payment",
      "how much payment is due from my side",

      "what is the balance amount",
      "show due balance",
      "list my pending dues",
      "tell me how much i owe",
      "outstanding payment details",

      "how much dues are pending",
      "what is my chit pending amount",
      "pending chit dues",
      "unpaid amount details",
      "show unpaid dues",

      "i want to know my dues",
      "how much is due for me",
      "dues for my account",
      "display subscriber dues",
      "payment due for my chit",

      "can i check my dues",
      "where can i see my unpaid dues",
      "my pending balance",
      "amount i need to pay",
      "show me my balance dues"
    ]
  },

  {
    "name": "chit_details",
    "desc": "Questions asking for user’s chit details, their chit list, plan info or individual chit information.",

    "examples": [
      "show me my chit details",
      "show my chits",
      "my chit information",
      "details of my chit",
      "chit plan details",
      "tell me my chit details",
      "what are my chits",
      "show chits details",

      "show all my chit details",
      "give me my chit info",
      "i want to see my chits",
      "display my chit details",
      "share details of my chits",

      "show my current chits",
      "what chits do i have",
      "tell me which chits are mine",
      "show my active chit plans",
      "details about my chit plan",

      "give my chit details please",
      "can i see my chit details",
      "how do i check my chits",
      "where are my chit details",
      "view my chit information",

      "my chit account details",
      "show my chit data",
      "what is the status of my chits",
      "chit plan information please",
      "chit info for my account",

      "show me all chits under my name",
      "can you show my chit plans",
      "tell me all my chit plans",
      "list my chit information",
      "give details of each chit i have"
    ]
  },
  {
    "name": "why_chitfunds",
    "desc": "Questions about why chit funds are useful, their benefits, advantages or reasons to join.",
    "examples": [
      "what is a chit",
      "tell me about chits",
      "explain chits",

      "what is a chit fund",
      "how do chit funds work",
      "why do people join chit funds",
      "what is chit fund system",
      "explain chit fund in simple words",

      "why should I join a chit",
      "what are the benefits of chit funds",
      "how does a chit help me",
      "why are chits useful",
      "is chit fund good for saving",

      "please explain what a chit is",
      "can you tell me about chit fund",
      "how does a chit function",
      "what is the meaning of chit",
      "basic info about chit fund",

      "why do people invest in chit funds",
      "what is the purpose of chits",
      "advantages of chit funds",
      "why chit fund is popular",
      "why do people use chit system",

      "can you explain chit in simple language",
      "what is chit fund all about",
      "give me details about chits",
      "how does chit saving system work",
      "why should I use chit for saving"
    ]
  },
  {
    "name": "payment_methods",
    "desc": "Questions about available payment modes, ways to pay, supported methods like UPI, card, net banking.",

    "examples": [
      "what payment methods do you accept",
      "how can I pay my dues",
      "payment options available",
      "modes of payment",
      "ways to pay",

      "which payment methods are supported",
      "how can I make payment",
      "what are the available payment options",
      "how can I pay the amount",
      "what modes of payment do you have",

      "do you accept online payments",
      "is UPI payment available",
      "can I pay with card or UPI",
      "can I pay using net banking",
      "do you take cash payments",

      "tell me all payment methods",
      "share payment options",
      "how can I settle my dues",
      "what are the ways to make payment",
      "payment methods please",

      "how do I pay through app",
      "what options do I have to pay",
      "how can I make the payment online",
      "do you support digital payments",
      "is cash accepted for payment",

      "what is the best way to pay",
      "which all payment options do you provide",
      "can you tell me the payment modes",
      "how to pay the dues digitally",
      "methods to pay my chit",

      "what are the payment options in this app",
      "how do people usually pay",
      "give me all accepted payment methods",
      "can I use UPI, card, or bank transfer",
      "all payment methods available"
    ]
  },
  {
    "name": "do_payment",
    "desc": "User intent to make a payment, pay dues, settle the amount or initiate a chit payment.",
    "examples": [
      "i want to make a payment",
      "how do I pay",
      "pay my dues",
      "make a payment",
      "pay my chit",
      "i want to pay for my chit",
      "chit payment",

      "i have to pay my chit amount",
      "how can I pay my dues",
      "please help me make a payment",
      "i want to clear my chit bill",
      "how to do chit payment online",

      "can I pay now",
      "where can I make payment",
      "how do I complete the payment",
      "tell me how to pay",
      "guide me to make payment",

      "i need to pay my chit today",
      "i want to settle my balance",
      "chit dues payment",
      "i want to clear pending payment",
      "how do I pay the pending amount",

      "payment options please",
      "how to pay through app",
      "how do i make online payment",
      "pay my pending chit",
      "payment link please",

      "i want to do payment right now",
      "can you show payment page",
      "how to pay my chit installment",
      "where to pay chit amount",
      "let me pay my dues",

      "do you accept online payment",
      "is there any payment option",
      "how can i pay through UPI",
      "please process my payment",
      "i want to make a quick payment",

      "payment for my chit",
      "i need to pay amount",
      "how do i submit payment",
      "pay dues online",
      "pay now"
    ]
  },
  {
    "name": "upcoming_auctions_queries",
    "desc": "Questions about next auction dates, upcoming auctions, schedules and timings.",

    "examples": [
      "when is the next auction",
      "tell me about upcoming auctions",
      "tell me when the auction is happening",
      "what is the date of the next auction",
      "when is the next chit auction happening"
    ]
  },
  {
    "name": "applinks",
    "desc": "Questions asking for Android/iOS app download links, Play Store/App Store URLs or installation links.",

    "examples": [
      "share app download links",
      "where can I download the app",
      "app download options",
      "get app links",
      "app store links",

      "please share the app download link",
      "send me the app link",
      "how do I download your app",
      "give me the link to install the app",
      "show me app store download links",

      "can you share the play store link",
      "is there any app download link",
      "how to get the app on my phone",
      "from where can I install the app",
      "link to download the app please",

      "where is the download link for the app",
      "send app install links",
      "share google play and app store links",
      "I want the app download link",
      "I want to download the app, share link",

      "give me app link for android",
      "give me app link for ios",
      "please provide the installation links",
      "app download page link",
      "app link please",

      "how to install the app",
      "where can I find your app",
      "send me download options for the app",
      "any download link for the app",
      "provide app links now",

      "give me app link asap",
      "tell me where to download your app",
      "show me where I can get the app",
      "how can I install your app on my phone",
      "share all app download links",

      "give the app url",
      "share mobile app link",
      "is the app available for download",
      "give me official app link",
      "how to get official app download link"
    ]
  },
  {
    "name": "vacant_chits",
    "desc": "Questions about vacant chits, meaning of vacant chits or general info about empty chit availability.",
    "examples": [
      "vacant chits means",
      "vacantchit",
      "i want to know about vacant chits",
      "what are vacant chits",
      "what is ment by vacant chits",
      "tell me about vacant chits"
    ]
  },
  {
    "name": "vacant_chits_branches",
    "desc": "Questions about vacant chits available branch-wise, branch availability or branch-wise listings.",
    "examples": [
      "show me vacant chits by branch",
      "vacant chits in branches",
      "available chits in branches",
      "empty chits by branch",
      "chits available in branches",
      "which branches have vacant chits",
      "show available chits branch wise",
      "branch wise vacant chits list",
      "list of empty chits in each branch",
      "branches where chits are available",
      "tell me branches with free chits",
      "any branch having empty chits",
      "give branch wise available chits",
      "show all branches with vacant chits",
      "where are chits available by branch"
    ]
  },
  {
    "name": "auction_stratagies",
    "desc": "Questions asking for bidding strategy, how to bid smartly, profit tips or auction-winning guidance.",

    "examples": [
      "What's the smartest way to bid and get a good deal?",
      "When is the right time to place my bid in an auction?",
      "How do I make sure I win an auction without spending too much?",
      "Any simple tips to help me bid successfully?",
      "How do I decide how much money I should bid?",
      "What bidding tricks can help me earn more profit?",

      "How can I bid in a smart way so I don’t lose money?",
      "Is it better to bid early or wait till the end?",
      "How do people usually win auctions easily?",
      "What are some common bidding tips for beginners?",
      "How to calculate a fair bid price?",
      "What strategy gives the highest possible profit?",

      "How should I plan my bid before joining an auction?",
      "When should I raise my bid during an auction?",
      "How do I beat other bidders efficiently?",
      "What are the best practices to follow while bidding?",
      "How do I figure out the right amount to quote?",
      "How do I maximise profit while bidding?",

      "What is the safest way to bid so that I don't overspend?",
      "Is late bidding better than bidding early?",
      "How do I make sure I don’t lose an auction?",
      "What are useful bidding hacks for beginners?",
      "How do I estimate the correct bidding price?",
      "What’s the best bidding method for earning more?"
    ]
  },
  {
    "name": "payment_queries",
    "desc": "Questions about payment steps, payment rules, installments, penalties, due dates and payment guidance.",

    "examples": [
      "how to make payment",
      "how can I make my chit payment",
      "how do I pay my dues",
      "how to pay for my chit",
      "tell me how to make the payment",
      "payment process please",
      "how can I pay online",
      "how to pay through app",
      "can I pay through mobile app",
      "can I pay using subscriber app",
      "how to make payment in subscriber app",
      "can I join chit and pay",
      "how to pay through join chit option",
      "how to pay using web portal",
      "where to pay my chit amount",
      "how to make payment on website",
      "how to make payment on portal",
      "can I pay from web application",

      "what payment methods are accepted",
      "which payment methods can I use",
      "what are the available payment options",
      "what modes of payment do you accept",
      "can I pay with cash",
      "can I pay online",
      "do you take QR code payments",
      "can I pay with debit card",
      "can I pay with credit card",
      "is net banking allowed",
      "is cashfree payment available",
      "is worldline payment supported",

      "what happens if I miss a payment",
      "what if I don’t pay on time",
      "what if I miss my due",
      "is there penalty for missed payment",
      "will interest be added if I pay late",
      "is there late payment fee",
      "do you charge late fee",
      "how much interest is charged for delay",
      "what is the late fee for chit",

      "how to pay online for chit",
      "how can I do online payment",
      "online payment steps please",
      "can I pay online for join chit",
      "online payment allowed or not",
      "how to pay using cashfree",
      "how to pay using worldline",

      "what is installment amount",
      "how much is my monthly installment",
      "what does installment mean",
      "explain installment amount",
      "how to know installment amount",

      "can I pay advance amount",
      "is advance payment allowed",
      "can I pay 3 months advance",
      "can I pay future dues in advance",
      "advance payment rules",

      "what is due date for payment",
      "payment due date please",
      "how many days grace period is there",
      "what is 10 to 20 days grace period",
      "when should I pay my chit",

      "do you have automatic payment",
      "is auto payment available",
      "how to enable automatic payment",
      "can I set auto debit for chit",
      "can I make automatic payments through app"
    ]
  },

  {
    "name": "bidding_history",
    "desc": "Questions requesting user’s past bids, bidding performance, old auction records or won auctions.",
    "examples": [
      "show my bidding history",
      "what is my bid history",
      "can you show my past bids",
      "show me my previous bids",
      "i want to see my old bids",
      "show my auction bidding record",
      "what are my past bid amounts",
      "show my past bid amounts",
      "show my bid history month wise",
      "show discounts I offered in past auctions",

      "what is my auction participation history",
      "show my auction participation history",
      "did I participate in auctions",
      "where can I see my auction participation",
      "show my auction joining history",

      "show my won auctions list",
      "which auctions did I win",
      "show me auctions I won",
      "did I win any auctions",
      "list all auctions I have won",

      "show my past bid amounts",
      "what bids I placed earlier",
      "show previous bid amounts",
      "what discount I gave previously",
      "show me my old discount bids",

      "show my bidding track record",
      "what is my bidding track record",
      "show my full bidding history",
      "tell my bidding performance",

      "show my historical bids",
      "give me my historical bids list",
      "what are my old bids",
      "show old bidding records",

      "show my auction performance",
      "what is my auction performance",
      "how many auctions I won",
      "how many auctions I participated",

      "my past bids",
      "show subscriber past bids",
      "what did I bid earlier",
      "show my old auction bids",

      "previous bidding record",
      "show previous bidding record",
      "what is my bidding record",
      "please show my old bidding log"
    ]
  },
  {
    "name": "auction_amount_calculation",
    "desc": "Questions asking prize amount, net payable, dividend calculation, commission deduction or winning amount.",
    "examples": [
      "how much will I get if I win the auction",
      "how much amount do I get when I win the auction",
      "how much money will I receive after winning",
      "how much prize money do I get if I win",
      "what is the amount I get after discount and commission",
      "how much is the winning amount",
      "if I win how much will I receive",
      "how to calculate the amount received after winning",
      "show me prize amount calculation",
      "how prize money is calculated",

      "what is the net amount after commission",
      "net amount after winning auction",
      "how to calculate net amount",
      "what is net payable after commission",
      "show calculation of net amount",
      "how much will I get after deducting commission",
      "what is the amount after discount and commission",
      "how much is foreman commission",
      "how to deduct foreman commission",

      "how much dividend will I get",
      "how to calculate dividend amount",
      "what is my dividend for this month",
      "how dividend is calculated",
      "how much dividend per member",
      "show dividend calculation",
      "dividend calculation example",
      "what dividend do I get if bid is high",
      "how much dividend members receive",

      "prize money estimation",
      "can you estimate my prize money",
      "how to estimate prize amount",
      "how much will be prized money",
      "prize money formula",
      "prize money after bid amount",
      "what will be my prize money",
      "how is prized money calculated",

      "calculate winning amount for my chit",
      "calculate my dividend and prize",
      "how much discount is considered",
      "explain prize and dividend calculation",
      "explain net amount and dividend",
      "how to know my monthly due after winning",
      "what will be my due amount after winning"
    ]
  },
  {
    "name": "show_upcoming_auctions",
    "desc": "Questions about upcoming auctions specifically for the user's chit groups, auction calendar or next dates.",
    "examples": [
      "show me auctions",
      "show my upcoming auctions",
      "show upcoming auctions for my chits",
      "what are my upcoming auctions",
      "can you show upcoming auctions",
      "where can I see upcoming auctions",
      "upcoming auction list please",
      "show me the next auctions",
      "show my auction schedule",
      "auction schedule for my chits",
      "can you show the auction calendar",
      "what is my chit auction calendar",
      "show month wise auction calendar",
      "next auction dates",
      "when is my next auction",
      "when is the upcoming auction for me",
      "what is the date of my next auction",
      "when is auction for my group",
      "auction date for my chit",
      "when is next month auction",
      "tell me my next auction date",

      "what chits are going for auction",
      "which of my chits are eligible for auction",
      "which chits will go to auction",
      "which chits are ready for auction",
      "what chits are available for auction",

      "show auction timetable",
      "auction timetable for my group",
      "auction schedule timings",
      "auction timetable details",
      "where can I see auction timetable",

      "auction calendar for my chits",
      "display my auction calendar",
      "calendar of upcoming auctions",
      "month wise auction schedule",
      "show auction months and dates",

      "are there any upcoming auctions",
      "when is the next auction happening",
      "is any auction scheduled soon",
      "is my auction coming up",
      "tell me future auction dates",

      "based on previous auction date what is next auction",
      "is next auction auto scheduled",
      "show automatic auction schedule",
      "what is my auto-scheduled auction",

      "who can participate in next auction",
      "am I eligible for next auction",
      "will I be allowed to participate in next auction",
      "can I participate next month auction"
    ]
  },
  {
    "name": "schedules",
    "desc": "Questions about chit duration, tenure, start/end dates, group period or full chit schedule.",
    "examples": [
      "what is the chit fund duration",
      "how long does a chit fund run",
      "what is the duration of my chit",
      "how many months is the chit",
      "tell me chit duration",
      "what is the tenure of the chit",
      "chit fund tenure details",
      "what is the total chit period",
      "how long will my chit continue",
      "how many months my chit will last",
      "how long does a chit group run",
      "group duration period",
      "what is the duration of my chit group",
      "how many months is my group",
      "group running time",
      "how long group will be active",
      "when does the chit start and end",
      "start and end dates of my chit",
      "when will my chit begin",
      "when will my chit finish",
      "tell me the start date of my chit",
      "tell me the end date of my chit",
      "when does group start and end",
      "give me chit start and end dates",
      "what is the chit fund tenure",
      "explain chit tenure",
      "how is chit tenure decided",
      "tenure details of chit fund",
      "show group duration",
      "how many subscribers equal to chit duration",
      "how group duration is calculated",
      "group period details",
      "auction dates based on start and end date",
      "how auction dates are decided",
      "how system decides auction schedule",
      "auction schedule based on group duration",
      "how are auction dates automatically calculated",
      "what is my chit schedule",
      "show my chit schedule",
      "full chit timeline",
      "timeline of chit start to end",
      "month wise chit duration",
      "schedule for entire chit period"
    ]
  }
]
